"Comprei 200 m√°scaras triplas. Hoje peguei uma caixa e fui distribuir na rua. Fiquei com medo de ser invasiva, mas nenhuma, nenhuma pessoa recusou. Moradores de rua, muitos recicladores, catadores de papel√£o, todos aceitaram, agradeceram. 
Governo √± d√° m√°scara. 
Impressionante."
"Pandemia. Atender as urg√™ncias, apoiar SUS, vacinar, distanciamento, m√°scara, higiene frequente das m√£os, apoio aos setores da popula√ß√£o e empresas com mais dificuldades e impeachment. Dar posse ao vice como prev√™ a constitui√ß√£o."
Mour√£o diz que governo falhou ao n√£o fazer campanha pelo uso de m√°scara e contra aglomera√ß√£o
√â impressionante como as pessoas n√£o usam m√°scara... vc vai na rua passear com o cachorro e √© um show de horrores.
"Imagina n√£o poder chamar de genocida aquele que dificulta o acesso √†s vacinas de um pa√≠s inteiro, n√£o usava m√°scara at√© ontem, provoca e incentiva aglomera√ß√µes e chama de ""mimimi"" o sofrimento de mais de quem sente na pele as mazelas trazidas pela pandemia. #BolsonaroGenocida"
"Mais de 1 ano de pandemia e eu ainda esque√ßo a m√°scara, parab√©ns."
um ano de corona e ainda consigo esquecer a m√°scara quando vou sair
"popula√ß√£o da australia: com no√ß√£o 
popula√ß√£o do brasil: vai pra barzinho, festa e manifesta√ß√£o contra quarentena"
"governo australiano: multa de 200 d√≥lares pra quem andar sem m√°scara na rua
governo brasileiro: presidente se aglomerou sem m√°scara desde o come√ßo da pandemia"
"Eu sinceramente acho muita judia√ß√£o essas crian√ßas da creche terem que usar m√°scara o dia todo. Se agente n√£o consegue, imagine eles!"
"Toda vez que saio pro mercado ou banco, n√£o vejo isso nao... o povo t√° usanda m√°scara de pano mesmo."
eu caminhando de m√°scara meu c√©rebro acha q ela tampa a cara toda ai eu fico encarando as pessoas e so dps percebo q sim elas podem ver meus olhos
"Gente, c√™is tem que abandonar a m√°scara de pano. 
Urgente."
"Dizer que a Covid era ""gripezinha"", aglomerar, n√£o usar m√°scara, gastar milh√µes com cloroquina, RECUSAR VACINA, chamar de ""frescura"" a dor de 260 mil fam√≠lias e o sacrif√≠cio de milhares de profissionais da sa√∫de, s√£o, sim, comportamentos de genocida. Solidariedade ao 
@felipeneto"
Quando voltarmos a poder andar sem m√°scara para todo o lado vou sentir que estou nu no meio da rua
Sonhar que t√° por ai sem mascara √© o novo sonhar que t√° pelado
"Quase 30.000 brasileiros morreram de covid-19 em duas semanas para que voc√™ pudesse exercer o ""direito √† liberdade""  de sair sem m√°scara e aglomerar."
"Sem m√°scara, Muricy Ramalho discute com policiais em praia de Bertioga"
"D√∫vida sincera: qual a raz√£o da constru√ß√£o civil n√£o entrar em fase alguma das restri√ß√µes?

No entorno da minha casa tem pelo menos tr√™s grandes obras residenciais em andamento. Vejo da minha janela e o respeito ao uso de m√°scaras √© bem baixo. M√°scara no queixo √© um hit."
"galera vamo usar m√°scara depois da pandemia tbm? 

pq eu sou muito mais bonito tampando metade do meu rosto"
"Ludhmila Hajjar diz que n√£o d√° para trabalhar com um presidente que critica quarentena, m√°scara, vacina. Apesar disso, defende Bolsonaro: ""est√° preocupado com o Brasil, entende a necessidade de mudan√ßa, de salvar as pessoas."" N√£o est√°. N√£o entende, justamente. Tem que ser dito."
"A ideia das bolhas, pequenos grupos de pessoas q n√£o se exporiam mto e, assim, poderiam ter contato mais pr√≥ximo, √± vale qdo a taxa de transmiss√£o est√° t√£o alta. Mta gente tem pegado covid em pequenos grupos de conhecidos. Use m√°scara sempre q tiver contato com quem √± mora c/ vc"
N√£o tem uma semana os grandes ve√≠culos da m√≠dia estavam propagando a ideia de que Bolsonaro estava moderando o seu discurso por causa do Lula (e muita gente √† esquerda caindo nisso). Bastou uma m√°scara e um Z√© Gotinha miliciano. N√£o √© poss√≠vel que ainda caiam nessa.
"Bolsonaro pode colocar quem ele quiser como ministro, mas seu hist√≥rico demonstra que ele n√£o deixar√° de sabotar as medidas que visem diminuir os n¬∫s da Covid-19. Assim o fez desde a sabotagem √† vacina ao desestimular o uso de m√°scara. O Brasil emparedado entre o v√≠rus e o verme."
"Entrada proib√≠daMudem o foco do √°lcool gel, trocas de roupas, desinfec√ß√£o de compras, etc.

Asterisco de oito pontas O coronav√≠rus se transmite principalmente direto de uma pessoa √† outra, em especial em locais fechados e mal ventilados, por:

- Got√≠culas de saliva S√≠mbolo de respingos de suor
- Microgot√≠culas suspensas no ar (aeross√≥is) üå¨"
"JMTV mostrando o povo na beira rio passeando, andando de bike, skate, tds sem m√°scara, bem de boa. encontraram UMA fam√≠lia q era exce√ß√£o e estava usando m√°scara. eu nem implico mais com quem t√° saindo normal, mas sem m√°scara, gente, pelo amor de deus, √© injustific√°vel."
"As pessoas est√£o t√£o cansadas de tudo isso que chegam a acreditar em Bolsonaro quando ele d√° impress√£o de que mudar√° seu comportamento - basta que apare√ßa de m√°scara uma vez. Mudar√° nada. Ele √© o que √©, o que sempre foi e ser√°. Um ignorante completo. Um ditador frustrado."
"Boa noite! Situa√ß√£o delicada em nosso munic√≠pio.
Mais de 1.150 casos confirmados, 154 casos desde 01/01 √† 15/03/2021, nos √∫ltimos 7 dias 14 casos positivos.
E Hoje estamos com 5 pessoas hospitalizadas.
Vamos nos conscientizar, use m√°scara, evite aglomera√ß√µes. A vida √© √∫nica!"
"A situa√ß√£o √© desesperadora. N√£o h√° outra palavra. Sei da dificuldade de cumprir as medidas sem aux√≠lio efetivo do governo, mas n√£o temos escolha. Quem puder, restrinja a circula√ß√£o e use m√°scara sempre. #CanceleACovid"
Carreata e manifesta√ß√µes pelo direito individual de n√£o usar m√°scara e de n√£o estar nem a√≠ para o sofrimento dos outros. E com muito orgulho.
"Mais de um ano de pandemia, variantes mais contagiosas e continuamos a ver pessoas com o nariz de fora da m√°scara ou de m√°scara no queixo.
Meu caro Ren√©, permite-me discordar: eles existem, mas n√£o pensam."
"Minha v√≥ foi vacinada. Acreditem: vacina, distanciamento e m√°scara, s√≥ isso vai nos salvar desse genoc√≠dio. VIVA O SUS!"
"Boa tarde a todos do Twitter.
Use m√°scara, ignore os ignorantes, j√° t√° Cheio aqui no Pa√≠s."
"A partir do momento que bolsonaro n√£o usa mascara em dezenas de ocasi√µes, E neglegencia a compra das vacinas sabendo que a cada dia que ele n√£o foi atraz da vacina, Um pessoa morreu."
"V√çDEO: Negacionista, padre de Goi√°s diz que m√°scara, √°lcool gel e isolamento √© ‚Äúcoisa absurda‚Äù"
"Um pa√≠s dividido entre os que negam a ci√™ncia e colocam a m√°scara nos olhos ao defender tratamento precoce e outras atrocidades, e os que seguem e defendem a ci√™ncia com a m√°scara sobre boca e nariz. Capa do 
@meiahora
 de hoje."
"Vacina, m√°scara, higiene das m√£os, distanciamento, apoio econ√¥mico aos mais pobres e empresas mais afetadas e impeachment j√° por crime contra sa√∫de publica.  Posse do vice como manda a constitui√ß√£o. Este √© o caminho constitucional que defendo desde fevereiro 2020."
"a gnt n√£o tem um dia d paz

√© boleto, √© mascara suando a cara, √© alcool gel preguento, √© a vacina q num sai 

a notificacao dela q n√£o chega

√¥ vida"
"Essa m√°scara n√£o √© eficiente contra o Covid!

Melhor mudar de estrat√©gia para a sua prote√ß√£o."
"N√£o adianta culpar o governo,mas  andar aglomerado e n√£o usar m√°scara corretamente. Cuidem-se! Vacina sim! #DF1"
"Minha chefe quer que eu use uma mascara que eu n√£o tenho condi√ß√µes por ser asm√°tica e ainda me amea√ßa com advert√™ncia ai olha M√£o fazendo gesto de ""Ok"""
"T√° explicado o motivo de vermos tantos bolsominions que supostamente n√£o usam m√°scara.

Na verdade eles usam, s√≥ est√£o seguindo a dica do 03 e enfiaram no lugar errado.

Aprendam, m√°scara √© no rosto e n√£o no rabo!"
"Pessoal, usem m√°scara! Se cuidem e cuidem das pessoas amadas! 

Sigamos com muita f√© e muita luta!"
"T√° sem m√°scara, ent√£o t√° errado. Mesmo que a praia tenha quase 0 pessoas. N√£o tem o que discutir."
a lenda ainda ta protegidissima c a m√°scara amei
"A gente elogiando a m√°scara do rep√≥rter no jornal ""bem ajeitadinha no rosto dele, olha s√≥"" KKKKKK quem diria que um dia a gente estaria a esse ponto"
Boa noite pessoal! Boa  semana a todos e continue usando m√°scara por que cada dia que passa vai aumentando casos de covide19. #VacinaParaTodos
"O cara s√≥ queria da uma carreira na praia normalmente e n√£o pode, tudo bem ele t√° sem m√°scara mais ele tava sozinho cara"
"Esse tal Gabigol √© igual ao sujeito Neymar: S√£o os tais ""par√ßas"" que n√£o est√£o nem a√≠ para o momento cr√≠tico que o mundo vive.
E DUVIDO que ele estava utilizando m√°scara!"
"O genocida fala de vacina,mas se  reune com Malafaia para abrir as igrejas evang√©licas..o que adianta vacina se estimula o povo a se aglomerar e n√£o usar m√°scara.A vacina demora uns meses para fazer o efeito desejado"
O ano era 2019.Voc√™ podia andar sem m√°scara.Voc√™  ia pra escola normalmente.Podia abra√ßar  seus amigo sem se precupar com nada.E voc√™  ficou  todo feliz s√≥  por que iria passar 15 dia sem aula.Os 15 dias viraram os mais longos da sua vida.√âramos  felizes e nao sab√≠amos
"‚ÄúO problema s√£o as imposi√ß√µes a quem quer assumir. Se as imposi√ß√µes forem relacionadas a tratamento precoce, ao n√£o uso de m√°scara e ao negacionismo.

#BolsonaroGenocida
#ODiaboVesteFarda 
#ImpeachmentOuMorte"
"Boa noite Ant√¥nio falta fiscaliza√ß√£o no DF, no sol nascente √© o c√∫mulo do absurdo as pessoas sem m√°scara, com√©rcio aberto, o que adianta fazer Lockdown e n√£o fiscalizar #df2"
O cara que vai cortar meu cabelo falando que √© mentira que as Utis t√£o lotadas e que n√£o deveria fechar nada kkk...... medo de tirar a m√°scara agora!
"M√°scara PFF2 intercalar e deixar arejar por pelo menos 3 dias. Ideia do cabide para deixar elas arejando. Use para se proteger contra as novas variantes que se espalham rapidamente.
Aguardando nossas autoridades adotarem no SUS.
#PFF2paraTodos"
E o Muricy? V√£o falar nada n√£o? Na praia sem m√°scara e discutindo com guarda. O SP vai punir? ou s√≥ vale pro Flamengo e Gabigol? #naveiadecasa
"Confundir liberdade de express√£o com liberdade de cometer crimes n√£o √© ser liberal

Defender o ""direito"" de algu√©m andar sem m√°scara n√£o √© ser liberal

Defender a ""liberdade"" de algu√©m contaminar outros n√£o √© ser liberal

Liberalismo n√£o pode ser confundido com irresponsabilidade"
"Dudu eu reparei q vc esta sem a m√°scara, diz pra mim. ela est√° l√° onde eu estou imaginando ?"
"E o Gabigol tava de m√°scara num cassino com 300 pessoas, mano nem compara."
"Crl lendo as medidas do Casagrande, basicamente aquele filho da puta vai decretar lockdown mas n√£o vai obrigar m√°scara em locais p√∫blicos nem nada do tipo, resumindo, vai mandar fechar tudo mas a postura do povo mesmo de n√£o se cuidar e nem cuidar do pr√≥ximo vai continuar"
"seus filho da puta que fazem anivers√°rio com 15 pessoas, v√£o em bar e saem sem m√°scara espero que saibam que voc√™s todos s√£o homof√≥bicos voc√™s t√£o me impedindo de sair pra ver a minha gay espero que voc√™s se fodam cuzoes de merda"
"Foda-se a pandemia, ngm vai tirar o direito de ir e vir de ngm. Corro td o dia sem m√°scara e quero ver algum fiscal tentar me mandar pra casa"
"√â urgente que 
@jairbolsonaro
 pare de mi mi mi e v√° trabalhar no enfrentamento √† pandemia! Se ele tivesse comprado as vacinas no momento certo e incentivado o uso da m√°scara, n√£o precisar√≠amos de tantas medidas restritivas ou de #lockdown! 
#SOSBrasil"
"Quem n√£o prioriza vacina, prega tratamento precoce que n√£o tem efic√°cia comprovada, n√£o usa m√°scara, n√£o prev√™ nenhuma a√ß√£o para falta de oxig√™nio, n√£o articula a√ß√µes de enfrentamento √† COVID no √¢mbito nacional e est√° na presid√™ncia da rep√∫blica √© o que ? #BolsonaroGenocida"
"√â porque n√£o precisa de m√°scara pra correr mantendo o distanciamento... 
E sim em 22 vou afundar o dedo na urna votando nele novamente!!!!!"
"N√£o usou m√°scara quando deveria. N√£o fechou tudo quando deveria. N√£o injetou dinheiro na economia como deveria. N√£o comprou as vacinas quando deveria.

At√© agora 280 mil mortes. 

#BolsonaroGenocida"
"O genocida ficou com raiva por ser nomeado pelo titulo genocida,mesmo n√£o tendo nenhuma responsabilidade em PELO MENOS incentivar ao uso da m√°scara.
#BolsonaroGenocida"
"Isso nunca vai acabar Cara implorando at√© as igrejas fecharam e os hospitais cheios de novo lotados n√£o n√© Cara chorando muitoCara chorando muitoBandeira do Brasil Eu quero tanto escutar que o Covid acabou... Mais at√© agora nada. Brasileiros nunca desiste
Cuidamos um dos outros 
Use m√°scara Cara com m√°scara m√©dicaM√£os dadas"
"LEMBRETE DO DIA

- Lave as m√£os
- Mantenha dist√¢ncia 
- Fique em casa
- Use √°lcool 70%
- Evite aglomera√ß√µes 
- Use m√°scara

Juntos no combate ao coronav√≠rus!"
"Novembro me virei para visitar minha m√£e que n√£o via a muito tempo. Fiquei em quarentena, fiz teste, etc... Quando estava l√° uma prima dela apareceu na janela de casa sem m√°scara dizendo ‚ÄúEu n√£o pego isso n√£o‚Äù Bom, ontem a prima veio a falecer por COVID. N√ÉO BANALIZE ESSA MERDA!"
Tenho que buta duas mascara
"Esse doria √© um capeta,aumenta todos os Impostos possiveis,fecha comercio,quebra empresa,fod#$%^¬ø com a economia do pa√≠s e quer sair de bom mo√ßo.
Vai pra miami fazer compra, nao usa mascara,mentiroso e vassalo da china."
"um mendigo parou o carro e meu pai n√£o quis dar dinheiro. Da√≠ ele abaixou a m√°scara e come√ßou a TOSSIR NO CARRO, sim √© isso mesmo. corona times"
"Desde q come√ßou a pandemia eu acho SUPER estranho ver a galera sem m√°scara em alguma s√©rie ou filme, bizarro"
"Negacionismo √© o principal que mata, falam que cloroquina ainda √© remedio, em tratamento precoce e que m√°scara √© focinheira ideol√≥gica, s√≥ esquecem de olhar para a ci√™ncia, os dados e os pa√≠ses que est√£o se saindo bem no combate a pandemia. Vergonha desse governo federal."
"O cara fechou as janelas do √¥nibus e passou √°lcool na m√£o,  da√≠ agora eu viro pro lado e ele t√° dormindo SEM USAR A M√ÅSCARA.

qual a l√≥gica?????"
a karla rindo do meu desespero hoje usando a m√°scara e quase morrendo sem respirar olha inimigo pra que quando se tem uns amigos assim n√©
"O bonde do sem m√°scara, foda se a pandemia"
Seja did√°tico com quem (ainda) usa m√°scara com o nariz pra fora oferecendo um generoso e acolhedor voleio estilo aquele do Bebeto na napa do cidad√£o desavisado.
"E ainda tem gente brincando com a situa√ß√£o, cagando e andando pra m√°scara e distanciamento social, fazendo festinhas e nem ai para cumprir o m√≠nimo do que √© pedido. Total falta de empatia com quem est√° correndo risco de verdade."
"""novo ministro da sa√∫de defende vacina√ß√£o e uso de m√°scara""

O problema √© at√© quando vai defender, n√©."
"A m√°scara na boca, os narizes todos pra fora."
"gente, m√°scara n√£o √© est√©tica n√£o, parem de usar m√°scara de pano ou qualquer uma que n√£o vai te proteger, ok? procurem informa√ß√£o sobre o assunto, bjos"
"Amg eu queria entrar nesse v√≠deo dessa menina e entregar qualquer m√°scara de 1 dolar que vende em qualquer loja de conveni√™ncia do Estados Unidos, eu fiquei realmente com pena dela"
"Essa ideia da m√°scara com um pl√°stico aberto no meio, tipo n√£o entendi como isso funciona kkkkk"
"Outros pa√≠ses j√° deixaram de adotar a m√°scara, e n√≥s enterrando milhares! #ForaBolsonaro #COVID19"
"Cada vez que uma pessoa usa m√°scara com nariz pra fora, uma fada morre"
"""Eu me cuido pra caramba"", diz Muricy Ramalho. Sem m√°scara. 

Pandemia √© quarta e domingo, professor"
"sim amigo mas at√© ai minha oftalmo deixou ja que eu nunca fiz uso di√°rio de lente, s√≥ coloquei hj pq tava me incomodando o √≥culos e a mascara"
"eu to indo correr de m√°scara, se fico em casa c todas as not√≠cias minha ansiedade bate fort√≠ssima"
"Voc√™s fazem TUDO de m√°scara na rua? Correm de m√°scara, andam de bicicleta de m√°scara? 
Eu, sim. Penso dessa forma: n√£o sou atleta profissional, n√£o tenho nem prova pra fazer, se a m√°scara piorar meu desempenho, n√£o vou morrer. √â um ato de cuidado e respeito com o outro. E voc√™?"
Vejo v√°rios falando lockdown n√£o funciona m√°scara n√£o funciona vacina n√£o √© 100% ent√£o me diz a√≠ o que funciona.
"kkkkkkkkk ai amiga eu to rindo com respeito pq √© 100% meu pai

ele fala nossa essa doen√ßa √© s√©ria mesmo, sem btincadeira
ai d√° 2 segundos ele nossa pq IMPOSSIVEL respirar de mascara eu nao preciso usar isso"
"viciado em paranoias, minha √∫ltima √© todo mundo achar que eu uso a mesma m√°scara todo dia s√≥ pq s√≥ tenho m√°scara preta"
"A vacina seria o √∫nico tratamento capaz de salvar as 2693 vidas que a Covid levou hoje e pela primeira vez ultrapassamos 100 mil novos casos em um dia. Ou√ßam a ci√™ncia, se poss√≠vel fiquem em casa, usem m√°scara, √°lcool em gel e esperem a vacina. Punho levantado#SleepingGiantsBrasil"
A √∫nica ft minha q meu celular n√£o tirou a qualidade toda √© a q eu to de m√°scara kkkk quando pedem eu mando s√≥ essa
J√° vejo as vantagens do romofice: trocar a m√°scara pelo √≥culos! Minha vista agradece!!!
eu JURO pra vcs que passei por um cara com a m√°scara s√≥ no nariz agr
Mano acabei de puxar a m√°scara presa no meu piercing e eu aprendi 10 palavr√µes novos
"Goi√°s √© o estado em que a jornalista fala em tv aberta q policial deveria tirar m√°scara de bandido, pq al√©m de bandido n√£o merecer viver ele pode tentar esconder coisa dentro da m√°scara...

A√≠ v√£o cobrir mat√©ria na rua, apanha das pessoa e chora."